Workbook

Sheet ticket
A1: Ticket Data
A2: ticket_id | B2: created_at | C2: closed_at | D2: outlet_id | E2: cms_id
A3: isu-sjd-457 | B3: 2021-08-19 16:45:43 | C3: 2021-08-22 12:33:32 | D3: wrqy-juv-978 | E3: vew-iuvd-12
A4: qer-fal-092 | B4: 2021-08-21 11:09:22 | C4: 2021-08-21 17:13:45 | D4: 8woh-k3u-23b | E4: cms-abc-001
A5: abc-def-111 | B5: 2021-08-23 09:00:00 | C5: 2021-08-23 09:45:00 | D5: wrqy-juv-978 | E5: cms-xyz-002
A6: bcd-efg-222 | B6: 2021-08-24 14:00:00 | C6: 2021-08-25 10:00:00 | D6: 8woh-k3u-23b | E6: cms-mno-003
A7: cde-fgh-333 | B7: 2021-08-24 08:30:00 | C7: 2021-08-24 08:55:00 | D7: wrqy-juv-978 | E7: cms-pqr-004
A8: def-ghi-444 | B8: 2021-08-25 11:00:00 | C8: 2021-08-26 09:00:00 | D8: 9xyz-lmn-45c | E8: cms-stu-005
A9: efg-hij-555 | B9: 2021-08-25 15:00:00 | C9: 2021-08-25 15:30:00 | D9: 9xyz-lmn-45c | E9: cms-vwx-006
A10: fgh-ijk-666 | B10: 2021-08-26 10:00:00 | C10: 2021-08-26 10:45:00 | D10: wrqy-juv-978 | E10: cms-yza-007
A11: ghi-jkl-777 | B11: 2021-08-27 13:00:00 | C11: 2021-08-28 14:00:00 | D11: 8woh-k3u-23b | E11: cms-bcd-008
A12: hij-klm-888 | B12: 2021-08-27 16:00:00 | C12: 2021-08-27 16:50:00 | D12: 9xyz-lmn-45c | E12: cms-efg-009

Sheet feedbacks
A1: Feedbacks Data
A2: cms_id | B2: feedback_at | C2: feedback_rating | D2: ticket_created_at
A3: vew-iuvd-12 | B3: 2021-08-21 13:26:48 | C3: 3 | D3: =IFERROR(INDEX(ticket!$B$3:$B$12,MATCH(A3,ticket!$E$3:$E$12,0)),"") -> 2021-08-19 16:45:43
A4: cms-abc-001 | B4: 2021-08-22 09:00:00 | C4: 5 | D4: =IFERROR(INDEX(ticket!$B$3:$B$12,MATCH(A4,ticket!$E$3:$E$12,0)),"") -> 2021-08-21 11:09:22
A5: cms-xyz-002 | B5: 2021-08-24 11:00:00 | C5: 4 | D5: =IFERROR(INDEX(ticket!$B$3:$B$12,MATCH(A5,ticket!$E$3:$E$12,0)),"") -> 2021-08-23 09:00:00
A6: cms-mno-003 | B6: 2021-08-26 08:00:00 | C6: 2 | D6: =IFERROR(INDEX(ticket!$B$3:$B$12,MATCH(A6,ticket!$E$3:$E$12,0)),"") -> 2021-08-24 14:00:00
A7: cms-pqr-004 | B7: 2021-08-25 10:00:00 | C7: 5 | D7: =IFERROR(INDEX(ticket!$B$3:$B$12,MATCH(A7,ticket!$E$3:$E$12,0)),"") -> 2021-08-24 08:30:00
A8: cms-stu-005 | B8: 2021-08-27 14:00:00 | C8: 3 | D8: =IFERROR(INDEX(ticket!$B$3:$B$12,MATCH(A8,ticket!$E$3:$E$12,0)),"") -> 2021-08-25 11:00:00
A9: cms-vwx-006 | B9: 2021-08-26 12:00:00 | C9: 4 | D9: =IFERROR(INDEX(ticket!$B$3:$B$12,MATCH(A9,ticket!$E$3:$E$12,0)),"") -> 2021-08-25 15:00:00
A10: cms-yza-007 | B10: 2021-08-27 11:30:00 | C10: 5 | D10: =IFERROR(INDEX(ticket!$B$3:$B$12,MATCH(A10,ticket!$E$3:$E$12,0)),"") -> 2021-08-26 10:00:00
A11: cms-bcd-008 | B11: 2021-08-29 09:00:00 | C11: 2 | D11: =IFERROR(INDEX(ticket!$B$3:$B$12,MATCH(A11,ticket!$E$3:$E$12,0)),"") -> 2021-08-27 13:00:00
A12: cms-efg-009 | B12: 2021-08-28 15:00:00 | C12: 4 | D12: =IFERROR(INDEX(ticket!$B$3:$B$12,MATCH(A12,ticket!$E$3:$E$12,0)),"") -> 2021-08-27 16:00:00

Sheet Time_Analysis
A1: Q2 – Outlet-wise Count of Tickets Created & Closed Same Day / Same Hour
A2: ticket_id | B2: created_at | C2: closed_at | D2: outlet_id | E2: Same Day? | F2: Same Hour?
A3: =ticket!A3 -> isu-sjd-457 | B3: =ticket!B3 -> 2021-08-19 16:45:43 | C3: =ticket!C3 -> 2021-08-22 12:33:32 | D3: =ticket!D3 -> wrqy-juv-978 | E3: =IF(INT(B3)=INT(C3),"TRUE","FALSE") -> FALSE | F3: =IF(AND(INT(B3)=INT(C3),HOUR(B3)=HOUR(C3)),"TRUE","FALSE") -> FALSE
A4: =ticket!A4 -> qer-fal-092 | B4: =ticket!B4 -> 2021-08-21 11:09:22 | C4: =ticket!C4 -> 2021-08-21 17:13:45 | D4: =ticket!D4 -> 8woh-k3u-23b | E4: =IF(INT(B4)=INT(C4),"TRUE","FALSE") -> TRUE | F4: =IF(AND(INT(B4)=INT(C4),HOUR(B4)=HOUR(C4)),"TRUE","FALSE") -> FALSE
A5: =ticket!A5 -> abc-def-111 | B5: =ticket!B5 -> 2021-08-23 09:00:00 | C5: =ticket!C5 -> 2021-08-23 09:45:00 | D5: =ticket!D5 -> wrqy-juv-978 | E5: =IF(INT(B5)=INT(C5),"TRUE","FALSE") -> TRUE | F5: =IF(AND(INT(B5)=INT(C5),HOUR(B5)=HOUR(C5)),"TRUE","FALSE") -> TRUE
A6: =ticket!A6 -> bcd-efg-222 | B6: =ticket!B6 -> 2021-08-24 14:00:00 | C6: =ticket!C6 -> 2021-08-25 10:00:00 | D6: =ticket!D6 -> 8woh-k3u-23b | E6: =IF(INT(B6)=INT(C6),"TRUE","FALSE") -> FALSE | F6: =IF(AND(INT(B6)=INT(C6),HOUR(B6)=HOUR(C6)),"TRUE","FALSE") -> FALSE
A7: =ticket!A7 -> cde-fgh-333 | B7: =ticket!B7 -> 2021-08-24 08:30:00 | C7: =ticket!C7 -> 2021-08-24 08:55:00 | D7: =ticket!D7 -> wrqy-juv-978 | E7: =IF(INT(B7)=INT(C7),"TRUE","FALSE") -> TRUE | F7: =IF(AND(INT(B7)=INT(C7),HOUR(B7)=HOUR(C7)),"TRUE","FALSE") -> TRUE
A8: =ticket!A8 -> def-ghi-444 | B8: =ticket!B8 -> 2021-08-25 11:00:00 | C8: =ticket!C8 -> 2021-08-26 09:00:00 | D8: =ticket!D8 -> 9xyz-lmn-45c | E8: =IF(INT(B8)=INT(C8),"TRUE","FALSE") -> FALSE | F8: =IF(AND(INT(B8)=INT(C8),HOUR(B8)=HOUR(C8)),"TRUE","FALSE") -> FALSE
A9: =ticket!A9 -> efg-hij-555 | B9: =ticket!B9 -> 2021-08-25 15:00:00 | C9: =ticket!C9 -> 2021-08-25 15:30:00 | D9: =ticket!D9 -> 9xyz-lmn-45c | E9: =IF(INT(B9)=INT(C9),"TRUE","FALSE") -> TRUE | F9: =IF(AND(INT(B9)=INT(C9),HOUR(B9)=HOUR(C9)),"TRUE","FALSE") -> TRUE
A10: =ticket!A10 -> fgh-ijk-666 | B10: =ticket!B10 -> 2021-08-26 10:00:00 | C10: =ticket!C10 -> 2021-08-26 10:45:00 | D10: =ticket!D10 -> wrqy-juv-978 | E10: =IF(INT(B10)=INT(C10),"TRUE","FALSE") -> TRUE | F10: =IF(AND(INT(B10)=INT(C10),HOUR(B10)=HOUR(C10)),"TRUE","FALSE") -> TRUE
A11: =ticket!A11 -> ghi-jkl-777 | B11: =ticket!B11 -> 2021-08-27 13:00:00 | C11: =ticket!C11 -> 2021-08-28 14:00:00 | D11: =ticket!D11 -> 8woh-k3u-23b | E11: =IF(INT(B11)=INT(C11),"TRUE","FALSE") -> FALSE | F11: =IF(AND(INT(B11)=INT(C11),HOUR(B11)=HOUR(C11)),"TRUE","FALSE") -> FALSE
A12: =ticket!A12 -> hij-klm-888 | B12: =ticket!B12 -> 2021-08-27 16:00:00 | C12: =ticket!C12 -> 2021-08-27 16:50:00 | D12: =ticket!D12 -> 9xyz-lmn-45c | E12: =IF(INT(B12)=INT(C12),"TRUE","FALSE") -> TRUE | F12: =IF(AND(INT(B12)=INT(C12),HOUR(B12)=HOUR(C12)),"TRUE","FALSE") -> TRUE
A14: SUMMARY
A15: outlet_id | B15: Same Day Count | C15: Same Hour Count
A16: 8woh-k3u-23b | B16: =COUNTIFS($D$3:$D$12,A16,$E$3:$E$12,"TRUE") -> 1 | C16: =COUNTIFS($D$3:$D$12,A16,$F$3:$F$12,"TRUE") -> 0
A17: 9xyz-lmn-45c | B17: =COUNTIFS($D$3:$D$12,A17,$E$3:$E$12,"TRUE") -> 2 | C17: =COUNTIFS($D$3:$D$12,A17,$F$3:$F$12,"TRUE") -> 2
A18: wrqy-juv-978 | B18: =COUNTIFS($D$3:$D$12,A18,$E$3:$E$12,"TRUE") -> 3 | C18: =COUNTIFS($D$3:$D$12,A18,$F$3:$F$12,"TRUE") -> 3

Sheet Notes
A1: PlatinumRx Data Analyst Assignment – Spreadsheet Notes
A3: Sheet: ticket | B3: Contains raw ticket data with ticket_id, created_at, closed_at, outlet_id, cms_id
A4: Sheet: feedbacks | B4: Contains feedback data. Column D (ticket_created_at) is auto-populated via INDEX/MATCH from ticket sheet using cms_id as the join key.
A5: Sheet: Time_Analysis | B5: Q2 solution. Helper columns 'Same Day?' and 'Same Hour?' use INT() and HOUR() functions. Summary table uses COUNTIFS to count True values per outlet.
A7: Q1 Formula Used (feedbacks!D): | B7: =IFERROR(INDEX(ticket!$B$3:$B$12, MATCH(A3, ticket!$E$3:$E$12, 0)), "")
A8: Q2 Same Day Logic: | B8: =IF(INT(created_at) = INT(closed_at), "TRUE", "FALSE")
A9: Q2 Same Hour Logic: | B9: =IF(AND(INT(created_at)=INT(closed_at), HOUR(created_at)=HOUR(closed_at)), "TRUE", "FALSE")
A10: Q2 Count Formula: | B10: =COUNTIFS(outlet_col, outlet_id, same_day_col, "TRUE")
